[
    {
        "pk": 28,
        "model": "movies.genre",
        "fields": {
            "name": "액션"
        }
    },
    {
        "pk": 12,
        "model": "movies.genre",
        "fields": {
            "name": "모험"
        }
    },
    {
        "pk": 16,
        "model": "movies.genre",
        "fields": {
            "name": "애니메이션"
        }
    },
    {
        "pk": 35,
        "model": "movies.genre",
        "fields": {
            "name": "코미디"
        }
    },
    {
        "pk": 80,
        "model": "movies.genre",
        "fields": {
            "name": "범죄"
        }
    },
    {
        "pk": 99,
        "model": "movies.genre",
        "fields": {
            "name": "다큐멘터리"
        }
    },
    {
        "pk": 18,
        "model": "movies.genre",
        "fields": {
            "name": "드라마"
        }
    },
    {
        "pk": 10751,
        "model": "movies.genre",
        "fields": {
            "name": "가족"
        }
    },
    {
        "pk": 14,
        "model": "movies.genre",
        "fields": {
            "name": "판타지"
        }
    },
    {
        "pk": 36,
        "model": "movies.genre",
        "fields": {
            "name": "역사"
        }
    },
    {
        "pk": 27,
        "model": "movies.genre",
        "fields": {
            "name": "공포"
        }
    },
    {
        "pk": 10402,
        "model": "movies.genre",
        "fields": {
            "name": "음악"
        }
    },
    {
        "pk": 9648,
        "model": "movies.genre",
        "fields": {
            "name": "미스터리"
        }
    },
    {
        "pk": 10749,
        "model": "movies.genre",
        "fields": {
            "name": "로맨스"
        }
    },
    {
        "pk": 878,
        "model": "movies.genre",
        "fields": {
            "name": "SF"
        }
    },
    {
        "pk": 10770,
        "model": "movies.genre",
        "fields": {
            "name": "TV 영화"
        }
    },
    {
        "pk": 53,
        "model": "movies.genre",
        "fields": {
            "name": "스릴러"
        }
    },
    {
        "pk": 10752,
        "model": "movies.genre",
        "fields": {
            "name": "전쟁"
        }
    },
    {
        "pk": 37,
        "model": "movies.genre",
        "fields": {
            "name": "서부"
        }
    }
]